<?xml version="1.0" encoding="UTF-8"?>
<rss xmlns:atom="http://www.w3.org/2005/Atom" version="2.0">
    <channel>
      <title>Noah Cheptoo</title>
      <link>/</link>
      <description>My blog</description>
      <generator>Zola</generator>
      <language>en</language>
      <atom:link href="/rss.xml" rel="self" type="application/rss+xml"/>
      <lastBuildDate>Tue, 13 Oct 2020 00:00:00 +0000</lastBuildDate>
      <item>
          <title>Test code syntax highlight</title>
          <pubDate>Tue, 13 Oct 2020 00:00:00 +0000</pubDate>
          <author>Unknown</author>
          <link>/posts/code-test/</link>
          <guid>/posts/code-test/</guid>
          <description>&lt;pre data-lang=&quot;rust&quot; class=&quot;language-rust &quot;&gt;&lt;code class=&quot;language-rust&quot; data-lang=&quot;rust&quot;&gt;fn factorial(n: u64) -&amp;gt; u64 {
    match n {
        0 =&amp;gt; 1,
        _ =&amp;gt; n * factorial(n-1)
    }
}
&lt;&#x2F;code&gt;&lt;&#x2F;pre&gt;
&lt;pre data-lang=&quot;typescript&quot; class=&quot;language-typescript &quot;&gt;&lt;code class=&quot;language-typescript&quot; data-lang=&quot;typescript&quot;&gt;const sum = (n: number) =&amp;gt;  n * (n + 1) &amp;#x2F; 2
&lt;&#x2F;code&gt;&lt;&#x2F;pre&gt;
</description>
      </item>
      <item>
          <title>Latest Post</title>
          <pubDate>Sun, 25 Aug 2019 00:00:00 +0000</pubDate>
          <author>Unknown</author>
          <link>/posts/later-posts/</link>
          <guid>/posts/later-posts/</guid>
          <description>&lt;h1 id=&quot;lorem-ipsum-dolor&quot;&gt;Lorem ipsum dolor&lt;&#x2F;h1&gt;
&lt;p&gt;Lorem ipsum dolor sit amet, consectetur adipiscing elit, sed do eiusmod tempor incididunt ut labore et dolore magna aliqua. Aliquam ultrices sagittis orci a scelerisque purus semper. Orci eu lobortis elementum nibh tellus molestie. At tellus at urna condimentum mattis pellentesque id nibh. Viverra justo nec ultrices dui. Nibh tortor id aliquet lectus proin. Nulla pharetra diam sit amet nisl. Et egestas quis ipsum suspendisse. Sem viverra aliquet eget sit amet tellus cras. Nisl suscipit adipiscing bibendum est ultricies integer quis auctor.&lt;&#x2F;p&gt;
&lt;p&gt;Quisque egestas diam in arcu cursus euismod quis viverra nibh. Non sodales neque sodales ut etiam sit amet nisl purus. Ultricies mi eget mauris pharetra et ultrices neque. Semper auctor neque vitae tempus quam pellentesque nec. Tellus mauris a diam maecenas sed enim. Bibendum enim facilisis gravida neque convallis a. Pretium lectus quam id leo in vitae turpis massa. Quis blandit turpis cursus in hac habitasse platea dictumst quisque. In egestas erat imperdiet sed euismod nisi. Morbi tristique senectus et netus et malesuada fames ac. Neque viverra justo nec ultrices dui sapien. Mi bibendum neque egestas congue quisque egestas diam in. Ultrices tincidunt arcu non sodales neque sodales ut. Consectetur adipiscing elit duis tristique sollicitudin nibh. Egestas sed tempus urna et pharetra pharetra massa massa ultricies. Egestas pretium aenean pharetra magna ac placerat. Maecenas pharetra convallis posuere morbi leo urna molestie.&lt;&#x2F;p&gt;
&lt;p&gt;Sit amet porttitor eget dolor morbi non arcu risus quis. Nisl rhoncus mattis rhoncus urna neque viverra justo nec. Facilisi cras fermentum odio eu. In ante metus dictum at tempor commodo ullamcorper a lacus. Nulla aliquet enim tortor at auctor. Mollis aliquam ut porttitor leo a diam sollicitudin. Risus viverra adipiscing at in tellus. Felis eget nunc lobortis mattis aliquam faucibus purus. Quisque sagittis purus sit amet volutpat. Mi in nulla posuere sollicitudin aliquam ultrices sagittis. Justo nec ultrices dui sapien. Nisl nisi scelerisque eu ultrices vitae. Id volutpat lacus laoreet non curabitur gravida. Nullam non nisi est sit amet facilisis magna etiam. Maecenas volutpat blandit aliquam etiam erat velit scelerisque. Dui vivamus arcu felis bibendum ut tristique et egestas quis. Morbi quis commodo odio aenean sed adipiscing diam donec adipiscing. Arcu felis bibendum ut tristique et egestas quis ipsum suspendisse. Cursus in hac habitasse platea dictumst quisque sagittis. Egestas quis ipsum suspendisse ultrices gravida dictum.&lt;&#x2F;p&gt;
&lt;p&gt;Varius duis at consectetur lorem donec massa sapien. Fames ac turpis egestas sed tempus. Eu mi bibendum neque egestas congue. Suscipit adipiscing bibendum est ultricies integer quis auctor elit. Tincidunt vitae semper quis lectus nulla at volutpat diam. Neque gravida in fermentum et sollicitudin. Eget gravida cum sociis natoque penatibus et magnis dis parturient. Varius quam quisque id diam vel quam elementum. Imperdiet proin fermentum leo vel orci porta non. Porttitor leo a diam sollicitudin tempor. Elit scelerisque mauris pellentesque pulvinar. Cursus turpis massa tincidunt dui ut ornare. Leo vel fringilla est ullamcorper eget nulla facilisi. At auctor urna nunc id cursus metus aliquam eleifend.&lt;&#x2F;p&gt;
&lt;p&gt;Tortor aliquam nulla facilisi cras fermentum odio eu feugiat pretium. Massa tempor nec feugiat nisl pretium fusce id. Id leo in vitae turpis massa sed elementum. A cras semper auctor neque. Diam quam nulla porttitor massa id neque aliquam vestibulum morbi. Rhoncus urna neque viverra justo nec ultrices. Nunc faucibus a pellentesque sit amet porttitor eget. Neque volutpat ac tincidunt vitae. Cursus mattis molestie a iaculis at. Semper risus in hendrerit gravida. Sagittis nisl rhoncus mattis rhoncus urna neque viverra justo. Non arcu risus quis varius quam. Ultrices dui sapien eget mi proin sed libero enim sed. Platea dictumst quisque sagittis purus. Fringilla est ullamcorper eget nulla facilisi etiam dignissim.&lt;&#x2F;p&gt;
</description>
      </item>
      <item>
          <title>This is a good first post</title>
          <pubDate>Fri, 23 Aug 2019 00:00:00 +0000</pubDate>
          <author>Unknown</author>
          <link>/posts/good-first-post/</link>
          <guid>/posts/good-first-post/</guid>
          <description>&lt;p&gt;So i went there and did all that but as you know:&lt;&#x2F;p&gt;
&lt;ul&gt;
&lt;li&gt;This point was important &lt;&#x2F;li&gt;
&lt;li&gt;This as well...&lt;&#x2F;li&gt;
&lt;li&gt;And not to mention this one&lt;&#x2F;li&gt;
&lt;&#x2F;ul&gt;
&lt;p&gt;So i did those other things but:&lt;&#x2F;p&gt;
&lt;ol&gt;
&lt;li&gt;The first thing&lt;&#x2F;li&gt;
&lt;li&gt;And the second thing&lt;&#x2F;li&gt;
&lt;li&gt;But the third was the &lt;code&gt;best&lt;&#x2F;code&gt;&lt;&#x2F;li&gt;
&lt;&#x2F;ol&gt;
&lt;p&gt;And then the guy said:&lt;&#x2F;p&gt;
&lt;blockquote&gt;
&lt;p&gt;Man, i&#x27;m not gonna be the part of the system&lt;&#x2F;p&gt;
&lt;&#x2F;blockquote&gt;
&lt;p&gt;And showed me this:&lt;&#x2F;p&gt;
&lt;img src=&quot;https:&#x2F;&#x2F;dummyimage.com&#x2F;640x4:3&#x2F;&quot;&gt;
&lt;p&gt;I said factorial this...&lt;&#x2F;p&gt;
&lt;pre data-lang=&quot;rust&quot; class=&quot;language-rust &quot;&gt;&lt;code class=&quot;language-rust&quot; data-lang=&quot;rust&quot;&gt;fn factorial(n: u64) -&amp;gt; u64 {
    match n {
        0 =&amp;gt; 1,
        _ =&amp;gt; n * factorial(n-1)
    }
}
&lt;&#x2F;code&gt;&lt;&#x2F;pre&gt;
&lt;p&gt;Then i shouted&lt;&#x2F;p&gt;
&lt;h1 id=&quot;hello&quot;&gt;Hello&lt;&#x2F;h1&gt;
&lt;p&gt;... and the echo answered:&lt;&#x2F;p&gt;
&lt;h2 id=&quot;hello-1&quot;&gt;Hello&lt;&#x2F;h2&gt;
&lt;h3 id=&quot;hello-2&quot;&gt;Hello&lt;&#x2F;h3&gt;
&lt;h4 id=&quot;hello-3&quot;&gt;Hello&lt;&#x2F;h4&gt;
&lt;p&gt;&lt;a href=&quot;https:&#x2F;&#x2F;www.getzola.org&#x2F;&quot;&gt;zola!!!&lt;&#x2F;a&gt;&lt;&#x2F;p&gt;
</description>
      </item>
      <item>
          <title>Typography</title>
          <pubDate>Sat, 29 Sep 2018 11:36:33 +0800</pubDate>
          <author>Unknown</author>
          <link>/posts/typography/</link>
          <guid>/posts/typography/</guid>
          <description>&lt;p&gt;Lorem ipsum dolor sit amet, consectetur adipiscing elit, sed do eiusmod tempor incididunt ut labore et dolore magna aliqua. Ut enim ad minim veniam, quis nostrud exercitation ullamco laboris nisi ut aliquip ex ea commodo consequat. Duis aute irure dolor in reprehenderit in voluptate velit esse cillum dolore eu fugiat nulla pariatur. Excepteur sint occaecat cupidatat non proident, sunt in culpa qui officia deserunt mollit anim id est laborum.&lt;sup class=&quot;footnote-reference&quot;&gt;&lt;a href=&quot;#1&quot;&gt;1&lt;&#x2F;a&gt;&lt;&#x2F;sup&gt;&lt;&#x2F;p&gt;
&lt;blockquote&gt;
&lt;p&gt;An apple is a sweet, edible fruit produced by an apple tree (Malus pumila). Apple trees are cultivated worldwide, and are the most widely grown species in the genus Malus. The tree originated in Central Asia, where its wild ancestor, Malus sieversii, is still found today. Apples have been grown for thousands of years in Asia and Europe, and were brought to North America by European colonists. Apples have religious and mythological significance in many cultures, including Norse, Greek and European Christian traditions.&lt;sup class=&quot;footnote-reference&quot;&gt;&lt;a href=&quot;#2&quot;&gt;2&lt;&#x2F;a&gt;&lt;&#x2F;sup&gt;&lt;&#x2F;p&gt;
&lt;&#x2F;blockquote&gt;
&lt;hr &#x2F;&gt;
&lt;p&gt;Inline styles：&lt;&#x2F;p&gt;
&lt;p&gt;&lt;strong&gt;strong&lt;&#x2F;strong&gt;, &lt;em&gt;emphasis&lt;&#x2F;em&gt;, &lt;em&gt;&lt;strong&gt;strong and emphasis&lt;&#x2F;strong&gt;&lt;&#x2F;em&gt;,&lt;code&gt;code&lt;&#x2F;code&gt;, &lt;u&gt;underline&lt;&#x2F;u&gt;, &lt;del&gt;strikethrough&lt;&#x2F;del&gt;, :joy:🤣, $\LaTeX$, X^2^, H~2~O, ==highlight==, &lt;a href=&quot;https:&#x2F;&#x2F;example.com&quot;&gt;Link&lt;&#x2F;a&gt;, and image:&lt;&#x2F;p&gt;
&lt;p&gt;&lt;img src=&quot;https:&#x2F;&#x2F;picsum.photos&#x2F;600&#x2F;400&#x2F;?random&quot; alt=&quot;img&quot; &#x2F;&gt;&lt;&#x2F;p&gt;
&lt;hr &#x2F;&gt;
&lt;p&gt;Headings:&lt;&#x2F;p&gt;
&lt;h1 id=&quot;heading-1&quot;&gt;Heading 1&lt;&#x2F;h1&gt;
&lt;h2 id=&quot;heading-2&quot;&gt;Heading 2&lt;&#x2F;h2&gt;
&lt;h3 id=&quot;heading-3&quot;&gt;Heading 3&lt;&#x2F;h3&gt;
&lt;h4 id=&quot;heading-4&quot;&gt;Heading 4&lt;&#x2F;h4&gt;
&lt;h5 id=&quot;heading-5&quot;&gt;Heading 5&lt;&#x2F;h5&gt;
&lt;h6 id=&quot;heading-6&quot;&gt;Heading 6&lt;&#x2F;h6&gt;
&lt;p&gt;Table:&lt;&#x2F;p&gt;
&lt;table&gt;&lt;thead&gt;&lt;tr&gt;&lt;th style=&quot;text-align: left&quot;&gt;Left-Aligned&lt;&#x2F;th&gt;&lt;th style=&quot;text-align: center&quot;&gt;Center Aligned&lt;&#x2F;th&gt;&lt;th style=&quot;text-align: right&quot;&gt;Right Aligned&lt;&#x2F;th&gt;&lt;&#x2F;tr&gt;&lt;&#x2F;thead&gt;&lt;tbody&gt;
&lt;tr&gt;&lt;td style=&quot;text-align: left&quot;&gt;col 3 is&lt;&#x2F;td&gt;&lt;td style=&quot;text-align: center&quot;&gt;some wordy text&lt;&#x2F;td&gt;&lt;td style=&quot;text-align: right&quot;&gt;$1600&lt;&#x2F;td&gt;&lt;&#x2F;tr&gt;
&lt;tr&gt;&lt;td style=&quot;text-align: left&quot;&gt;col 2 is&lt;&#x2F;td&gt;&lt;td style=&quot;text-align: center&quot;&gt;centered&lt;&#x2F;td&gt;&lt;td style=&quot;text-align: right&quot;&gt;$12&lt;&#x2F;td&gt;&lt;&#x2F;tr&gt;
&lt;tr&gt;&lt;td style=&quot;text-align: left&quot;&gt;zebra stripes&lt;&#x2F;td&gt;&lt;td style=&quot;text-align: center&quot;&gt;are neat&lt;&#x2F;td&gt;&lt;td style=&quot;text-align: right&quot;&gt;$1&lt;&#x2F;td&gt;&lt;&#x2F;tr&gt;
&lt;&#x2F;tbody&gt;&lt;&#x2F;table&gt;
&lt;p&gt;Lists:&lt;&#x2F;p&gt;
&lt;ul&gt;
&lt;li&gt;Unordered list item 1.&lt;&#x2F;li&gt;
&lt;li&gt;Unordered list item 2.&lt;&#x2F;li&gt;
&lt;&#x2F;ul&gt;
&lt;ol&gt;
&lt;li&gt;ordered list item 1.&lt;&#x2F;li&gt;
&lt;li&gt;ordered list item 2.
&lt;ul&gt;
&lt;li&gt;sub-unordered list item 1.&lt;&#x2F;li&gt;
&lt;li&gt;sub-unordered list item 2.
&lt;ul&gt;
&lt;li&gt;&lt;input disabled=&quot;&quot; type=&quot;checkbox&quot; checked=&quot;&quot;&#x2F;&gt;
something is DONE.&lt;&#x2F;li&gt;
&lt;li&gt;&lt;input disabled=&quot;&quot; type=&quot;checkbox&quot;&#x2F;&gt;
something is NOT DONE.&lt;&#x2F;li&gt;
&lt;&#x2F;ul&gt;
&lt;&#x2F;li&gt;
&lt;&#x2F;ul&gt;
&lt;&#x2F;li&gt;
&lt;&#x2F;ol&gt;
&lt;p&gt;Syntax Highlighting:&lt;&#x2F;p&gt;
&lt;pre data-lang=&quot;javascript&quot; class=&quot;language-javascript &quot;&gt;&lt;code class=&quot;language-javascript&quot; data-lang=&quot;javascript&quot;&gt;const num1 = prompt(&amp;quot;Enter first number&amp;quot;);
const num2 = prompt(&amp;quot;Enter second number&amp;quot;);
const sum = parseInt(num1, 10) + parseInt(num2, 10); &amp;#x2F;&amp;#x2F; &amp;quot;+&amp;quot; means &amp;quot;add&amp;quot;
alert(&amp;quot;Sum = &amp;quot; + sum);  &amp;#x2F;&amp;#x2F; &amp;quot;+&amp;quot; means combine into a string
&lt;&#x2F;code&gt;&lt;&#x2F;pre&gt;
&lt;div class=&quot;footnote-definition&quot; id=&quot;1&quot;&gt;&lt;sup class=&quot;footnote-definition-label&quot;&gt;1&lt;&#x2F;sup&gt;
&lt;p&gt;From &lt;a href=&quot;https:&#x2F;&#x2F;www.lipsum.com&#x2F;&quot;&gt;https:&#x2F;&#x2F;www.lipsum.com&#x2F;&lt;&#x2F;a&gt;&lt;&#x2F;p&gt;
&lt;&#x2F;div&gt;
&lt;div class=&quot;footnote-definition&quot; id=&quot;2&quot;&gt;&lt;sup class=&quot;footnote-definition-label&quot;&gt;2&lt;&#x2F;sup&gt;
&lt;p&gt;From &lt;a href=&quot;https:&#x2F;&#x2F;en.wikipedia.org&#x2F;wiki&#x2F;Apple&quot;&gt;https:&#x2F;&#x2F;en.wikipedia.org&#x2F;wiki&#x2F;Apple&lt;&#x2F;a&gt;&lt;&#x2F;p&gt;
&lt;&#x2F;div&gt;
</description>
      </item>
    </channel>
</rss>
